{
  "unet_lam0.00": {
    "eval_id": {
      "rmse_K": 1.0083481073379517,
      "ssim": 0.9953612089157104,
      "hotspot_iou": 0.8193176913115866,
      "n": 36
    },
    "t75um": {
      "rmse_K": 6.591811656951904,
      "ssim": 0.9933663606643677,
      "hotspot_iou": 0.6422054740182467,
      "n": 36
    },
    "t100um": {
      "rmse_K": 4.299395561218262,
      "ssim": 0.9947124123573303,
      "hotspot_iou": 0.7501909741535951,
      "n": 36
    },
    "t200um": {
      "rmse_K": 3.1370394229888916,
      "ssim": 0.9951156973838806,
      "hotspot_iou": 0.7200122399020807,
      "n": 36
    },
    "t300um": {
      "rmse_K": 9.376384735107422,
      "ssim": 0.9944685697555542,
      "hotspot_iou": 0.5164945339563102,
      "n": 36
    },
    "rconv0p01": {
      "rmse_K": 1.5949751138687134,
      "ssim": 0.995418131351471,
      "hotspot_iou": 0.8192733942691555,
      "n": 36
    },
    "rconv0p05": {
      "rmse_K": 1.2586485147476196,
      "ssim": 0.9953903555870056,
      "hotspot_iou": 0.8193410691445918,
      "n": 36
    },
    "rconv0p20": {
      "rmse_K": 1.2025748491287231,
      "ssim": 0.9953650236129761,
      "hotspot_iou": 0.8193344997957406,
      "n": 36
    },
    "rconv0p50": {
      "rmse_K": 3.8467085361480713,
      "ssim": 0.9953310489654541,
      "hotspot_iou": 0.819380406791161,
      "n": 36
    }
  },
  "unet_lam0.01": {
    "eval_id": {
      "rmse_K": 0.8954629302024841,
      "ssim": 0.9956613183021545,
      "hotspot_iou": 0.8413386901743574,
      "n": 36
    },
    "t75um": {
      "rmse_K": 6.427568435668945,
      "ssim": 0.9937779903411865,
      "hotspot_iou": 0.6533153042064849,
      "n": 36
    },
    "t100um": {
      "rmse_K": 4.136103630065918,
      "ssim": 0.9950988292694092,
      "hotspot_iou": 0.7673561703338676,
      "n": 36
    },
    "t200um": {
      "rmse_K": 3.252203941345215,
      "ssim": 0.9953271150588989,
      "hotspot_iou": 0.7198942199816415,
      "n": 36
    },
    "t300um": {
      "rmse_K": 9.503719329833984,
      "ssim": 0.99460768699646,
      "hotspot_iou": 0.5041370254213519,
      "n": 36
    },
    "rconv0p01": {
      "rmse_K": 1.4581139087677002,
      "ssim": 0.9956704378128052,
      "hotspot_iou": 0.8414200352590605,
      "n": 36
    },
    "rconv0p05": {
      "rmse_K": 1.123497486114502,
      "ssim": 0.9956644773483276,
      "hotspot_iou": 0.8415404532763489,
      "n": 36
    },
    "rconv0p20": {
      "rmse_K": 1.2002620697021484,
      "ssim": 0.9956631064414978,
      "hotspot_iou": 0.8413842601260688,
      "n": 36
    },
    "rconv0p50": {
      "rmse_K": 3.9261882305145264,
      "ssim": 0.995600163936615,
      "hotspot_iou": 0.8413943253113587,
      "n": 36
    }
  },
  "unet_lam0.10": {
    "eval_id": {
      "rmse_K": 1.0359578132629395,
      "ssim": 0.9957603812217712,
      "hotspot_iou": 0.8171326948541866,
      "n": 36
    },
    "t75um": {
      "rmse_K": 6.645060062408447,
      "ssim": 0.9936978816986084,
      "hotspot_iou": 0.6248037676609105,
      "n": 36
    },
    "t100um": {
      "rmse_K": 4.353867530822754,
      "ssim": 0.9950739741325378,
      "hotspot_iou": 0.7323452548743247,
      "n": 36
    },
    "t200um": {
      "rmse_K": 3.088674783706665,
      "ssim": 0.9954898357391357,
      "hotspot_iou": 0.7414415012503043,
      "n": 36
    },
    "t300um": {
      "rmse_K": 9.328120231628418,
      "ssim": 0.9948107600212097,
      "hotspot_iou": 0.5561183104164605,
      "n": 36
    },
    "rconv0p01": {
      "rmse_K": 1.622270107269287,
      "ssim": 0.9957629442214966,
      "hotspot_iou": 0.8171866700538094,
      "n": 36
    },
    "rconv0p05": {
      "rmse_K": 1.2873374223709106,
      "ssim": 0.9957742691040039,
      "hotspot_iou": 0.8172687672202811,
      "n": 36
    },
    "rconv0p20": {
      "rmse_K": 1.2124537229537964,
      "ssim": 0.9957953691482544,
      "hotspot_iou": 0.8171634896683398,
      "n": 36
    },
    "rconv0p50": {
      "rmse_K": 3.837151288986206,
      "ssim": 0.995708167552948,
      "hotspot_iou": 0.8171247275891544,
      "n": 36
    }
  },
  "unet_lam1.00": {
    "eval_id": {
      "rmse_K": 1.3024632930755615,
      "ssim": 0.9965336918830872,
      "hotspot_iou": 0.7945516890068199,
      "n": 36
    },
    "t75um": {
      "rmse_K": 6.671004772186279,
      "ssim": 0.9943708777427673,
      "hotspot_iou": 0.621038097462459,
      "n": 36
    },
    "t100um": {
      "rmse_K": 4.395949363708496,
      "ssim": 0.9958171844482422,
      "hotspot_iou": 0.7197283274062846,
      "n": 36
    },
    "t200um": {
      "rmse_K": 3.2556169033050537,
      "ssim": 0.9962929487228394,
      "hotspot_iou": 0.7267122085369064,
      "n": 36
    },
    "t300um": {
      "rmse_K": 9.44753646850586,
      "ssim": 0.9955411553382874,
      "hotspot_iou": 0.5290004859873644,
      "n": 36
    },
    "rconv0p01": {
      "rmse_K": 1.7399773597717285,
      "ssim": 0.9965742826461792,
      "hotspot_iou": 0.7946478123693314,
      "n": 36
    },
    "rconv0p05": {
      "rmse_K": 1.4698683023452759,
      "ssim": 0.9965546131134033,
      "hotspot_iou": 0.7948433390595783,
      "n": 36
    },
    "rconv0p20": {
      "rmse_K": 1.5256853103637695,
      "ssim": 0.9965348839759827,
      "hotspot_iou": 0.7945548130070175,
      "n": 36
    },
    "rconv0p50": {
      "rmse_K": 4.034764766693115,
      "ssim": 0.9965071082115173,
      "hotspot_iou": 0.7945654488485991,
      "n": 36
    }
  },
  "plain_cnn_lam0.00": {
    "eval_id": {
      "rmse_K": 2.4198055267333984,
      "ssim": 0.9867348074913025,
      "hotspot_iou": 0.6302960394535081,
      "n": 36
    },
    "t75um": {
      "rmse_K": 6.983339786529541,
      "ssim": 0.9867118000984192,
      "hotspot_iou": 0.6139357380278222,
      "n": 36
    },
    "t100um": {
      "rmse_K": 4.913241863250732,
      "ssim": 0.9870505928993225,
      "hotspot_iou": 0.6668338301148483,
      "n": 36
    },
    "t200um": {
      "rmse_K": 3.612657070159912,
      "ssim": 0.9861071109771729,
      "hotspot_iou": 0.5494503330817445,
      "n": 36
    },
    "t300um": {
      "rmse_K": 9.332895278930664,
      "ssim": 0.9862186908721924,
      "hotspot_iou": 0.43088789977320413,
      "n": 36
    },
    "rconv0p01": {
      "rmse_K": 2.8320837020874023,
      "ssim": 0.9867417216300964,
      "hotspot_iou": 0.6303924412581327,
      "n": 36
    },
    "rconv0p05": {
      "rmse_K": 2.5999398231506348,
      "ssim": 0.9867537021636963,
      "hotspot_iou": 0.6303034487520282,
      "n": 36
    },
    "rconv0p20": {
      "rmse_K": 2.3718411922454834,
      "ssim": 0.9867064356803894,
      "hotspot_iou": 0.6302898861038396,
      "n": 36
    },
    "rconv0p50": {
      "rmse_K": 4.124629020690918,
      "ssim": 0.98667973279953,
      "hotspot_iou": 0.6302688212901487,
      "n": 36
    }
  },
  "plain_cnn_lam0.01": {
    "eval_id": {
      "rmse_K": 2.156858444213867,
      "ssim": 0.9882273077964783,
      "hotspot_iou": 0.6736486821859334,
      "n": 36
    },
    "t75um": {
      "rmse_K": 6.9501190185546875,
      "ssim": 0.9872116446495056,
      "hotspot_iou": 0.5998454268726737,
      "n": 36
    },
    "t100um": {
      "rmse_K": 4.784201145172119,
      "ssim": 0.9879928231239319,
      "hotspot_iou": 0.6708605332842437,
      "n": 36
    },
    "t200um": {
      "rmse_K": 3.593474864959717,
      "ssim": 0.9878692626953125,
      "hotspot_iou": 0.5879199596435177,
      "n": 36
    },
    "t300um": {
      "rmse_K": 9.504556655883789,
      "ssim": 0.9880611896514893,
      "hotspot_iou": 0.4440439399039197,
      "n": 36
    },
    "rconv0p01": {
      "rmse_K": 2.5079243183135986,
      "ssim": 0.9882447719573975,
      "hotspot_iou": 0.6737095859330686,
      "n": 36
    },
    "rconv0p05": {
      "rmse_K": 2.2973852157592773,
      "ssim": 0.9882339835166931,
      "hotspot_iou": 0.6736980883322347,
      "n": 36
    },
    "rconv0p20": {
      "rmse_K": 2.228551149368286,
      "ssim": 0.9882091879844666,