{
  "floorplan": {
    "mean": 0.7907679882077093,
    "std": 0.873344075302725
  },
  "power": {
    "mean": 29.295043564538076,
    "std": 93.32892968827927
  },
  "_note": "local-only stats from 3 multi-block designs (2 Vortex-small + 1 Vortex-large). Use Modal stats for training."
}