{
  "floorplan": {
    "mean": 0.8329272254710851,
    "std": 0.8536051468224942
  },
  "power": {
    "mean": 7.836358185263831,
    "std": 19.599636224422213
  },
  "_note": "local-only stats from 4 Vortex-small designs (cell_density feature). Regenerate on Modal for training."
}